crater_id,x_m,y_m,centre_lon_deg,centre_lat_deg,diameter_m,diameter_known,diameter_definition,diameter_distance_kind,rim_samples,rim_arc_fraction,rim_arc_fraction_known,source_label_type,review_status,geometry_kind,quality_flag,notes,arc_fraction_source_column,rim_vertices_traced,ellipse_major_m,ellipse_minor_m,equivalent_ellipse_diameter_m,catalogue,source_url,access_date_utc
10-1-079239,9175.745031108174,126755.52143424985,4.140379999999993,-85.8108,1008.24,True,circle_fit_diameter,planimetric_great_circle,72,0.773029,True,catalogue,unreviewed,catalogue_circle_approximation,ok,above_range=1,ARC_IMG,9,1058.12,952.4970000000001,1003.9203781376291,robbins_2018,https://astrogeology.usgs.gov/ckan/dataset/f89f5478-b69a-486c-b9b5-30d7b0c5ad2b/resource/c4f25cc2-4f8a-4207-a845-5e176da3ac5a/download/lunar_crater_database_robbins_2018,2026-10-01T07:52:45Z
10-2-003040,-7438.73681109218,112025.1257374353,-3.798999999999978,-86.2988,1024.98,True,circle_fit_diameter,planimetric_great_circle,72,0.814954,True,catalogue,unreviewed,catalogue_circle_approximation,ok,above_range=1,ARC_IMG,15,1045.1399999999999,1004.3,1024.5165210966584,robbins_2018,https://astrogeology.usgs.gov/ckan/dataset/f89f5478-b69a-486c-b9b5-30d7b0c5ad2b/resource/c4f25cc2-4f8a-4207-a845-5e176da3ac5a/download/lunar_crater_database_robbins_2018,2026-10-01T07:52:45Z
10-1-079269,-1977.0715455827637,122717.28730719199,-0.9230000000000018,-85.9542,1067.01,True,circle_fit_diameter,planimetric_great_circle,72,1.0,True,catalogue,unreviewed,catalogue_circle_approximation,ok,above_range=1,ARC_IMG,10,1086.0700000000002,1046.64,1066.1727368489594,robbins_2018,https://astrogeology.usgs.gov/ckan/dataset/f89f5478-b69a-486c-b9b5-30d7b0c5ad2b/resource/c4f25cc2-4f8a-4207-a845-5e176da3ac5a/download/lunar_crater_database_robbins_2018,2026-10-01T07:52:45Z
10-2-003047,-787.6869959227057,115423.11982747575,-0.3910000000000764,-86.1949,1104.17,True,circle_fit_diameter,planimetric_great_circle,72,0.850023,True,catalogue,unreviewed,catalogue_circle_approximation,ok,above_range=1,ARC_IMG,21,1163.3400000000001,1031.01,1095.1781468783972,robbins_2018,https://astrogeology.usgs.gov/ckan/dataset/f89f5478-b69a-486c-b9b5-30d7b0c5ad2b/resource/c4f25cc2-4f8a-4207-a845-5e176da3ac5a/download/lunar_crater_database_robbins_2018,2026-10-01T07:52:45Z
10-1-079241,8629.075322080611,126474.35048270876,3.9031200000000013,-85.8213,1121.6200000000001,True,circle_fit_diameter,planimetric_great_circle,72,0.673932,True,catalogue,unreviewed,catalogue_circle_approximation,ok,above_range=1,ARC_IMG,8,1158.86,1089.8300000000002,1123.8151065900477,robbins_2018,https://astrogeology.usgs.gov/ckan/dataset/f89f5478-b69a-486c-b9b5-30d7b0c5ad2b/resource/c4f25cc2-4f8a-4207-a845-5e176da3ac5a/download/lunar_crater_database_robbins_2018,2026-10-01T07:52:45Z
10-1-079339,6885.461776599923,120490.33535121246,3.2706300000000113,-86.0216,1123.5900000000001,True,circle_fit_diameter,planimetric_great_circle,72,1.0,True,catalogue,unreviewed,catalogue_circle_approximation,ok,above_range=1,ARC_IMG,12,1158.34,1077.27,1117.0697971926372,robbins_2018,https://astrogeology.usgs.gov/ckan/dataset/f89f5478-b69a-486c-b9b5-30d7b0c5ad2b/resource/c4f25cc2-4f8a-4207-a845-5e176da3ac5a/download/lunar_crater_database_robbins_2018,2026-10-01T07:52:45Z
10-2-003048,-689.0567491627882,116458.94654615015,-0.3389999999999418,-86.1608,1270.71,True,circle_fit_diameter,planimetric_great_circle,72,0.843772,True,catalogue,unreviewed,catalogue_circle_approximation,ok,above_range=1,ARC_IMG,19,1313.1299999999999,1229.48,1270.6168078535716,robbins_2018,https://astrogeology.usgs.gov/ckan/dataset/f89f5478-b69a-486c-b9b5-30d7b0c5ad2b/resource/c4f25cc2-4f8a-4207-a845-5e176da3ac5a/download/lunar_crater_database_robbins_2018,2026-10-01T07:52:45Z
10-1-079228,-3468.5371283793534,123865.72234199889,-1.6040000000000418,-85.9153,1313.69,True,circle_fit_diameter,planimetric_great_circle,72,1.0,True,catalogue,unreviewed,catalogue_circle_approximation,ok,above_range=1,ARC_IMG,16,1374.01,1255.58,1313.4608771486114,robbins_2018,https://astrogeology.usgs.gov/ckan/dataset/f89f5478-b69a-486c-b9b5-30d7b0c5ad2b/resource/c4f25cc2-4f8a-4207-a845-5e176da3ac5a/download/lunar_crater_database_robbins_2018,2026-10-01T07:52:45Z
10-2-003073,4353.299017003116,117661.57854144079,2.1188899999999933,-86.1186,1342.09,True,circle_fit_diameter,planimetric_great_circle,72,0.88087,True,catalogue,unreviewed,catalogue_circle_approximation,ok,above_range=1,ARC_IMG,21,1367.14,1314.87,1340.7503018086552,robbins_2018,https://astrogeology.usgs.gov/ckan/dataset/f89f5478-b69a-486c-b9b5-30d7b0c5ad2b/resource/c4f25cc2-4f8a-4207-a845-5e176da3ac5a/download/lunar_crater_database_robbins_2018,2026-10-01T07:52:45Z
10-2-002675,-625.4914322215161,123153.64617337615,-0.29099999999994,-85.9403,1360.73,True,circle_fit_diameter,planimetric_great_circle,72,0.750006,True,catalogue,unreviewed,catalogue_circle_approximation,ok,above_range=1,ARC_IMG,19,1449.5,1240.8999999999999,1341.150457629568,robbins_2018,https://astrogeology.usgs.gov/ckan/dataset/f89f5478-b69a-486c-b9b5-30d7b0c5ad2b/resource/c4f25cc2-4f8a-4207-a845-5e176da3ac5a/download/lunar_crater_database_robbins_2018,2026-10-01T07:52:45Z
10-2-003049,1177.6337672789384,118261.41946003435,0.570526000000001,-86.1013,1386.94,True,circle_fit_diameter,planimetric_great_circle,72,0.860363,True,catalogue,unreviewed,catalogue_circle_approximation,ok,above_range=1,ARC_IMG,21,1408.99,1366.91,1387.790517657474,robbins_2018,https://astrogeology.usgs.gov/ckan/dataset/f89f5478-b69a-486c-b9b5-30d7b0c5ad2b/resource/c4f25cc2-4f8a-4207-a845-5e176da3ac5a/download/lunar_crater_database_robbins_2018,2026-10-01T07:52:45Z
10-1-079273,3837.850402791482,125996.4016554744,1.7446899999999914,-85.8448,1501.43,True,circle_fit_diameter,planimetric_great_circle,72,0.821419,True,catalogue,unreviewed,catalogue_circle_approximation,ok,above_range=1,ARC_IMG,12,1703.6,1357.79,1520.8981044106802,robbins_2018,https://astrogeology.usgs.gov/ckan/dataset/f89f5478-b69a-486c-b9b5-30d7b0c5ad2b/resource/c4f25cc2-4f8a-4207-a845-5e176da3ac5a/download/lunar_crater_database_robbins_2018,2026-10-01T07:52:45Z
10-1-079268,6617.918926812965,124403.30360283342,3.045109999999994,-85.8934,1695.81,True,circle_fit_diameter,planimetric_great_circle,72,1.0,True,catalogue,unreviewed,catalogue_circle_approximation,ok,above_range=1,ARC_IMG,17,1759.59,1637.99,1697.7016298808223,robbins_2018,https://astrogeology.usgs.gov/ckan/dataset/f89f5478-b69a-486c-b9b5-30d7b0c5ad2b/resource/c4f25cc2-4f8a-4207-a845-5e176da3ac5a/download/lunar_crater_database_robbins_2018,2026-10-01T07:52:45Z
10-1-079267,8313.844968268973,122789.08615105174,3.873490000000004,-85.9431,2522.48,True,circle_fit_diameter,planimetric_great_circle,72,0.762968,True,catalogue,unreviewed,catalogue_circle_approximation,ok,above_range=1,ARC_IMG,21,2607.37,2491.8999999999996,2548.981228451869,robbins_2018,https://astrogeology.usgs.gov/ckan/dataset/f89f5478-b69a-486c-b9b5-30d7b0c5ad2b/resource/c4f25cc2-4f8a-4207-a845-5e176da3ac5a/download/lunar_crater_database_robbins_2018,2026-10-01T07:52:45Z
10-2-003050,-1580.4468220209353,119456.00219053231,-0.7580000000000382,-86.0618,3288.44,True,circle_fit_diameter,planimetric_great_circle,72,1.0,True,catalogue,unreviewed,catalogue_circle_approximation,ok,above_range=1,ARC_IMG,50,3321.05,3251.75,3286.2173296207907,robbins_2018,https://astrogeology.usgs.gov/ckan/dataset/f89f5478-b69a-486c-b9b5-30d7b0c5ad2b/resource/c4f25cc2-4f8a-4207-a845-5e176da3ac5a/download/lunar_crater_database_robbins_2018,2026-10-01T07:52:45Z
10-2-001290,-2914.821497321037,114520.52133904168,-1.4580000000000837,-86.2235,4748.01,True,circle_fit_diameter,planimetric_great_circle,72,0.671125,True,catalogue,unreviewed,catalogue_circle_approximation,ok,above_range=1,ARC_IMG,33,4772.12,4257.58,4507.514023228325,robbins_2018,https://astrogeology.usgs.gov/ckan/dataset/f89f5478-b69a-486c-b9b5-30d7b0c5ad2b/resource/c4f25cc2-4f8a-4207-a845-5e176da3ac5a/download/lunar_crater_database_robbins_2018,2026-10-01T07:52:45Z
